Timestamp,Date,Distance,k,Ax,Ay,Az,Xx,Xy,Xz,TRx,TRy,TRz,BRx,BRy,BRz,Bx,By,Bz,Cx,Cy,Cz,Ux,Uy,Uz,Vx,Vy,Vz,Wx,Wy,Wz,L_Roll,L_Tilt,R_Roll,R_Tilt
1775395519.223,2026-04-05 18:55:19,18.833,0.476,-64.601,68.062,361.007,-46.405,66.808,365.7,-66.645,41.247,361.616,-62.556,94.878,360.398,-48.352,41.271,366.479,-44.262,94.891,364.842,16.248,-26.791,5.472,0.994,-0.074,0.075,4.09,53.619,-1.637,-4.262,175.509,85.638,175.871
1775395519.753,2026-04-05 18:55:19,19.05,0.485,-64.534,38.324,349.143,-47.259,36.59,356.983,-66.888,11.591,348.332,-62.18,65.057,349.955,-49.311,10.645,356.349,-45.078,64.167,357.658,15.223,-27.679,7.206,0.996,-0.089,0.002,4.233,53.522,1.309,-5.101,175.23,85.477,165.895
1775395520.286,2026-04-05 18:55:20,19.182,0.492,-72.811,-39.187,367.429,-55.048,-38.932,374.666,-72.129,-66.064,367.067,-73.492,-12.31,367.791,-54.252,-65.355,373.748,-55.871,-11.627,375.614,18.559,-26.168,6.319,0.99,0.024,0.136,-1.619,53.727,1.866,1.364,171.978,91.726,171.591
1775395520.82,2026-04-05 18:55:20,18.698,0.489,-76.35,-34.339,378.738,-58.221,-34.943,383.275,-77.151,-61.211,378.393,-75.55,-7.466,379.084,-58.919,-61.205,382.92,-57.493,-7.496,383.647,17.431,-26.866,4.181,0.997,-0.031,0.072,1.426,53.709,0.727,-1.769,175.699,88.478,173.616
1775395521.338,2026-04-05 18:55:21,18.734,0.48,-78.561,-27.249,374.641,-60.55,-27.886,379.756,-79.298,-54.128,374.249,-77.824,-0.37,375.034,-61.117,-53.648,378.837,-59.935,0.077,380.754,17.444,-26.399,4.195,0.994,-0.029,0.107,1.182,53.726,1.917,-1.661,173.693,88.74,174.854
1775395521.852,2026-04-05 18:55:21,18.687,0.483,-75.969,-15.063,370.606,-57.566,-15.307,373.838,-76.165,-41.936,369.718,-75.774,11.81,371.494,-57.653,-41.272,372.786,-57.472,12.478,374.964,18.316,-26.209,2.18,0.995,-0.01,0.104,0.181,53.751,2.178,-0.593,173.506,89.807,171.125
1775395522.353,2026-04-05 18:55:22,685.296,5.462,-85.365,1.884,381.182,-215.311,57.997,1051.7,-85.575,-25.011,380.782,-85.155,28.779,381.581,-216.513,-230.093,1075.224,-216.293,-177.347,1070.917,-131.148,-231.977,694.042,0.995,-0.009,0.101,0.22,52.746,-4.307,-0.528,174.089,89.757,160.602
1775395522.886,2026-04-05 18:55:22,18.769,0.476,-76.783,15.576,393.387,-58.553,14.566,397.736,-77.831,-11.287,392.536,-75.736,42.439,394.239,-59.432,-10.919,395.741,-57.583,42.672,399.935,17.351,-26.495,2.354,0.998,-0.041,0.056,1.849,53.592,4.194,-2.355,176.071,88.023,174.995
1775395523.418,2026-04-05 18:55:23,19.525,0.474,-45.999,35.024,399.972,-28.015,34.056,407.513,-47.172,8.179,398.8,-44.826,61.868,401.144,-29.027,8.579,406.921,-26.894,62.296,408.17,16.972,-26.445,6.949,0.999,-0.044,0.014,2.133,53.718,1.248,-2.54,177.107,87.726,177.395
1775395523.952,2026-04-05 18:55:23,896.489,-4.231,-223.65,-215.414,1268.045,-36.13,-204.803,391.452,-224.379,-241.636,1270.416,-222.921,-189.193,1265.674,-28.543,22.524,400.014,-26.75,76.246,402.037,195.108,237.938,-868.031,0.938,0.099,0.331,1.793,53.723,2.023,20.861,155.36,65.559,176.78
1775395524.485,2026-04-05 18:55:24,18.744,0.488,-29.239,47.956,405.487,-10.941,47.17,409.476,-30.229,21.137,403.723,-28.249,74.775,407.252,-12.016,20.976,409.261,-9.811,74.7,409.702,17.223,-26.98,3.773,0.997,-0.042,0.066,2.204,53.724,0.442,-2.39,174.636,87.65,176.723
1775395525.019,2026-04-05 18:55:25,2223.672,-20.954,-499.347,-584.955,2486.791,-107.467,-1101.676,359.787,-499.964,-610.183,2493.708,-498.73,-559.726,2479.875,-57.501,23.222,405.134,-55.116,76.907,407.298,441.846,608.176,-2081.658,0.584,0.329,0.742,2.385,53.685,2.164,52.615,126.721,33.378,176.181
1775395525.519,2026-04-05 18:55:25,18.619,0.479,-34.356,71.408,398.787,-15.966,70.642,401.595,-35.268,44.564,398.783,-33.444,98.251,398.79,-16.565,44.936,400.784,-15.314,98.634,402.479,17.791,-26.471,1.997,0.999,-0.037,0.005,1.252,53.698,1.695,-2.12,175.926,88.666,173.957
1775395526.053,2026-04-05 18:55:26,2201.764,-20.908,-501.837,-572.086,2483.33,-78.865,-1069.668,380.649,-502.069,-597.419,2490.244,-501.605,-546.752,2476.416,-63.809,54.8,400.364,-63.089,108.582,401.307,438.028,626.886,-2082.966,0.582,0.337,0.74,0.72,53.782,0.943,53.479,126.956,35.193,177.311
1775395526.584,2026-04-05 18:55:26,877.593,-5.265,-231.515,-191.415,1268.387,-41.932,-228.53,412.321,-231.748,-217.659,1271.24,-231.282,-165.172,1265.533,-38.417,54.447,404.846,-37.75,108.194,403.427,193.098,245.862,-863.541,0.941,0.123,0.315,0.668,53.747,-1.42,21.986,156.316,66.802,176.955
1775395527.117,2026-04-05 18:55:27,720.547,-2.952,-193.611,-136.214,1093.43,-37.555,-103.159,390.763,-193.922,-162.571,1094.831,-193.299,-109.857,1092.03,-35.732,55.362,399.193,-35.114,109.065,402.05,157.879,191.576,-694.237,0.964,0.088,0.25,0.617,53.703,2.856,17.253,159.981,71.315,176.145
1775395527.649,2026-04-05 18:55:27,725.304,-2.69,-197.97,-136.242,1091.417,-42.221,-88.945,384.614,-198.293,-162.586,1092.57,-197.648,-109.897,1090.264,-40.838,55.332,395.26,-40.324,108.976,399.218,157.132,191.574,-696.157,0.962,0.087,0.259,0.514,53.644,3.958,17.184,159.279,71.418,175.332
1775395528.153,2026-04-05 18:55:28,18.527,0.491,-48.1,81.723,393.594,-29.623,81.479,394.929,-48.292,54.914,391.418,-47.909,108.533,395.769,-29.806,55.185,392.63,-29.433,108.764,397.314,18.295,-26.539,-0.964,0.999,-0.011,0.05,0.372,53.579,4.684,-0.643,174.553,89.602,174.615
1775395528.749,2026-04-05 18:55:28,19.577,0.622,-306.856,-282.048,1548.86,-295.582,-282.872,1532.876,-306.981,-308.013,1551.267,-306.731,-256.082,1546.453,-295.79,-315.152,1535.329,-295.456,-263.29,1531.388,11.066,-33.104,-13.531,0.887,0.178,0.426,0.335,51.862,-3.941,29.581,147.473,89.628,146.744
1775395529.25,2026-04-05 18:55:29,831.791,8.03,-57.099,77.873,388.565,-228.917,196.607,1193.709,-57.273,50.98,389.078,-56.925,104.765,388.052,-232.908,-224.532,1254.84,-232.411,-172.084,1247.227,-175.81,-302.404,866.275,0.999,-0.006,0.036,0.497,52.447,-7.613,-0.334,177.524,89.459,156.048
1775395529.751,2026-04-05 18:55:29,825.304,8.273,-57.048,77.797,389.305,-228.207,209.099,1185.916,-57.23,50.901,389.766,-56.867,104.692,388.843,-233.02,-224.422,1256.094,-232.438,-172.02,1247.612,-175.972,-302.218,866.79,0.999,-0.006,0.054,0.582,52.401,-8.483,-0.333,176.741,89.368,155.274
1775398759.303,2026-04-05 19:49:19,2526.112,-0.336,-810.687,-1007.461,3871.927,930.937,-237.264,2212.172,-810.878,-1031.752,3883.481,-810.496,-983.17,3860.373,922.304,-233.383,2196.765,896.619,-221.837,2150.924,1732.991,774.078,-1675.162,0.061,0.428,0.902,-25.685,11.546,-45.841,89.55,92.97,-176.729,102.243
1775398766.409,2026-04-05 19:49:26,2768.752,47.044,-70.61,60.688,345.661,-796.183,1230.739,2747.85,-71.45,33.807,346.221,-69.77,87.569,345.1,-814.146,-1054.798,3834.977,-813.764,-1006.215,3811.868,-743.536,-1115.486,3489.316,0.999,-0.031,0.014,0.382,48.583,-23.109,-1.773,178.551,89.55,92.97
1775398766.913,2026-04-05 19:49:26,20.709,0.53,-70.568,60.741,345.672,-49.885,60.129,346.513,-71.363,33.857,346.107,-69.773,87.626,345.237,-49.625,31.631,346.191,-50.115,85.425,346.799,20.943,-29.11,0.519,0.999,-0.029,0.016,-0.49,53.794,0.608,-1.679,178.677,0.52,179.33
1775398767.417,2026-04-05 19:49:27,20.709,0.527,-70.626,60.776,345.981,-49.995,60.161,347.658,-71.441,33.892,346.429,-69.811,87.66,345.532,-49.799,31.831,347.758,-50.17,85.629,347.568,20.827,-28.945,1.777,0.999,-0.03,0.02,-0.371,53.798,-0.19,-1.718,178.505,0.394,179.671
1775398767.95,2026-04-05 19:49:27,20.639,0.526,-70.518,60.692,345.398,-49.962,60.058,347.128,-71.35,33.808,345.841,-69.686,87.575,344.954,-49.768,31.775,347.081,-50.136,85.574,347.17,20.75,-28.917,1.683,0.999,-0.031,0.016,-0.369,53.799,0.089,-1.757,178.673,0.393,179.756
1775398768.483,2026-04-05 19:49:28,20.622,0.526,-70.499,60.708,345.415,-49.966,60.09,347.234,-71.317,33.823,345.823,-69.681,87.592,345.006,-49.768,31.783,347.282,-50.145,85.582,347.191,20.731,-28.925,1.867,0.999,-0.03,0.018,-0.376,53.798,-0.091,-1.726,178.64,0.4,179.735
1775398768.987,2026-04-05 19:49:28,20.617,0.527,-70.507,60.729,345.506,-49.96,60.114,347.079,-71.317,33.844,345.897,-69.697,87.614,345.115,-49.755,31.764,347.074,-50.144,85.563,347.083,20.753,-28.964,1.568,0.999,-0.03,0.019,-0.389,53.798,0.01,-1.71,178.606,0.415,179.777
1775398769.509,2026-04-05 19:49:29,20.646,0.526,-70.518,60.719,345.459,-49.965,60.104,347.32,-71.34,33.835,345.874,-69.695,87.604,345.044,-49.789,31.814,347.479,-50.124,85.612,347.176,20.729,-28.906,2.02,0.999,-0.03,0.019,-0.336,53.798,-0.303,-1.735,178.618,0.356,179.545
1775398770.04,2026-04-05 19:49:30,851.586,7.751,-70.497,60.712,345.379,-241.951,164.802,1173.007,-71.309,33.828,345.817,-69.685,87.596,344.942,-241.37,-240.309,1221.458,-241.444,-188.045,1215.207,-170.873,-301.021,876.079,0.999,-0.03,0.017,-0.075,52.264,-6.251,-1.713,178.653,22.554,158.08
1775398770.552,2026-04-05 19:49:30,20.64,0.526,-70.543,60.732,345.614,-49.977,60.111,347.254,-71.367,33.849,346.056,-69.719,87.616,345.171,-49.797,31.799,347.323,-50.139,85.598,347.192,20.746,-28.933,1.709,0.999,-0.03,0.02,-0.342,53.799,-0.131,-1.736,178.492,0.363,179.656
1775398771.076,2026-04-05 19:49:31,20.656,0.527,-70.546,60.741,345.595,-49.951,60.115,347.053,-71.37,33.857,346.018,-69.722,87.625,345.171,-49.764,31.787,347.053,-50.119,85.586,347.053,20.782,-28.954,1.458,0.999,-0.03,0.02,-0.355,53.799,0.001,-1.738,178.561,0.378,179.809
1775398793.535,2026-04-05 19:49:53,20.393,0.5,-90.719,59.269,345.913,-70.385,59.348,347.464,-90.705,32.412,347.023,-90.733,86.126,344.802,-68.767,32.556,347.757,-72.005,86.174,347.17,21.952,-26.713,1.844,0.998,0.004,0.057,-3.238,53.618,-0.587,0.218,175.965,3.491,178.242
1775398795.327,2026-04-05 19:49:55,19.448,0.477,-111.823,59.754,346.442,-92.492,60.443,348.452,-111.046,32.923,348.197,-112.601,86.585,344.687,-90.337,34.914,349.191,-94.857,88.46,347.641,21.487,-24.84,2.749,0.994,0.035,0.1,-4.521,53.546,-1.55,2.038,173.135,4.91,176.444
1775398795.828,2026-04-05 19:49:55,17.889,0.487,-113.609,63.554,346.526,-95.838,64.079,348.503,-113.016,36.724,348.375,-114.202,90.384,344.677,-95.144,37.881,349.335,-96.567,91.635,347.629,18.465,-25.673,2.809,0.994,0.029,0.105,-1.423,53.754,-1.705,1.683,172.786,1.614,176.416
1775398796.341,2026-04-05 19:49:56,17.877,0.486,-113.588,63.528,346.368,-95.853,64.056,348.552,-112.998,36.699,348.223,-114.178,90.358,344.512,-95.161,37.905,349.358,-96.583,91.66,347.701,18.427,-25.624,2.991,0.994,0.029,0.102,-1.423,53.755,-1.657,1.666,172.927,1.616,176.309
1775398796.869,2026-04-05 19:49:56,17.843,0.487,-113.542,63.53,346.279,-95.855,64.06,348.572,-112.949,36.697,348.078,-114.136,90.363,344.479,-95.164,37.901,349.483,-96.584,91.65,347.611,18.379,-25.628,3.204,0.994,0.029,0.103,-1.421,53.748,-1.871,1.665,172.931,1.624,176.27
1775398797.396,2026-04-05 19:49:57,17.839,0.487,-113.538,63.528,346.244,-95.866,64.063,348.617,-112.942,36.696,348.059,-114.135,90.36,344.43,-95.186,37.912,349.499,-96.583,91.663,347.686,18.352,-25.616,3.255,0.994,0.029,0.103,-1.397,53.751,-1.814,1.673,172.947,1.587,176.494
1775398797.907,2026-04-05 19:49:57,17.836,0.487,-113.541,63.547,346.32,-95.84,64.073,348.442,-112.94,36.711,348.081,-114.142,90.382,344.558,-95.156,37.902,349.263,-96.561,91.657,347.576,18.385,-25.645,2.943,0.994,0.029,0.105,-1.405,53.755,-1.687,1.678,172.914,1.593,176.453
1775398798.432,2026-04-05 19:49:58,17.829,0.486,-111.233,63.661,346.42,-93.572,64.171,348.806,-110.661,36.823,348.154,-111.805,90.499,344.686,-92.918,38.024,349.648,-94.262,91.778,347.916,18.315,-25.637,3.228,0.995,0.028,0.099,-1.344,53.754,-1.732,1.589,173.233,1.517,176.666
1775398798.963,2026-04-05 19:49:58,17.82,0.487,-108.032,63.686,346.813,-90.356,64.198,349.015,-107.451,36.852,348.596,-108.612,90.521,345.03,-89.683,38.039,349.85,-91.066,91.794,348.135,18.349,-25.647,3.037,0.995,0.028,0.097,-1.383,53.755,-1.715,1.609,173.268,1.562,176.686
1775398799.467,2026-04-05 19:49:59,17.822,0.488,-108.045,63.717,346.993,-90.344,64.233,349.008,-107.45,36.881,348.749,-108.639,90.553,345.237,-89.661,38.014,349.821,-91.061,91.769,348.154,18.383,-25.703,2.828,0.995,0.029,0.1,-1.399,53.756,-1.668,1.645,173.159,1.572,176.832
1775398800.007,2026-04-05 19:50:00,17.789,0.486,-107.963,63.655,346.671,-90.333,64.172,348.985,-107.375,36.819,348.437,-108.55,90.49,344.905,-89.652,38.025,349.803,-91.051,91.781,348.12,18.311,-25.63,3.132,0.995,0.028,0.096,-1.399,53.755,-1.683,1.617,173.341,1.579,176.668
1775398800.534,2026-04-05 19:50:00,17.799,0.487,-108.005,63.686,346.817,-90.356,64.208,349.068,-107.412,36.852,348.602,-108.597,90.521,345.032,-89.687,38.041,349.938,-91.062,91.794,348.15,18.317,-25.645,3.121,0.995,0.028,0.097,-1.374,53.752,-1.788,1.635,173.268,1.554,176.697
1775398801.06,2026-04-05 19:50:01,17.825,0.487,-108.04,63.7,346.935,-90.338,64.215,348.963,-107.448,36.865,348.71,-108.631,90.535,345.161,-89.654,38.015,349.816,-91.057,91.768,348.065,18.386,-25.685,2.881,0.995,0.028,0.098,-1.403,53.753,-1.751,1.636,173.219,1.585,176.648
1775398801.584,2026-04-05 19:50:01,17.813,0.487,-108.048,63.698,347.007,-90.356,64.208,349.014,-107.461,36.862,348.758,-108.634,90.535,345.257,-89.681,38.033,349.831,-91.067,91.789,348.153,18.367,-25.665,2.824,0.995,0.028,0.1,-1.386,53.756,-1.677,1.626,173.158,1.561,176.764
1775398802.101,2026-04-05 19:50:02,17.815,0.486,-108.015,63.673,346.86,-90.346,64.183,349.08,-107.44,36.838,348.643,-108.59,90.507,345.077,-89.677,38.034,349.963,-91.052,91.786,348.147,18.338,-25.638,3.103,0.995,0.028,0.097,-1.376,53.752,-1.816,1.6,173.229,1.556,176.716
1775398802.601,2026-04-05 19:50:02,17.82,0.487,-108.035,63.695,346.931,-90.342,64.207,348.994,-107.45,36.861,348.712,-108.619,90.53,345.151,-89.661,38.013,349.838,-91.059,91.767,348.107,18.374,-25.682,2.906,0.995,0.028,0.098,-1.398,53.754,-1.731,1.622,173.204,1.578,176.669
1775398803.133,2026-04-05 19:50:03,17.821,0.487,-108.034,63.694,346.913,-90.346,64.207,349.024,-107.448,36.859,348.687,-108.619,90.529,345.139,-89.673,38.032,349.864,-91.055,91.787,348.139,18.36,-25.662,2.951,0.995,0.028,0.099,-1.382,53.754,-1.724,1.624,173.191,1.559,176.728
1775398803.659,2026-04-05 19:50:03,17.827,0.488,-108.055,63.712,347.005,-90.347,64.229,348.988,-107.457,36.875,348.755,-108.653,90.548,345.255,-89.663,38.003,349.823,-91.065,91.757,348.113,18.392,-25.709,2.818,0.995,0.029,0.099,-1.402,53.754,-1.71,1.65,173.181,1.576,176.826
1775398804.16,2026-04-05 19:50:04,17.814,0.487,-108.029,63.704,346.889,-90.354,64.224,349.044,-107.434,36.868,348.647,-108.625,90.54,345.13,-89.671,38.03,349.892,-91.073,91.784,348.153,18.359,-25.674,3.003,0.995,0.029,0.098,-1.402,53.754,-1.74,1.642,173.234,1.583,176.693
1775398804.673,2026-04-05 19:50:04,17.786,0.487,-107.976,63.671,346.642,-90.367,64.195,349.089,-107.382,36.836,348.418,-108.569,90.505,344.867,-89.681,38.037,349.928,-91.09,91.791,348.205,18.294,-25.633,3.286,0.995,0.028,0.095,-1.408,53.754,-1.723,1.626,173.375,1.589,176.686
1775398805.19,2026-04-05 19:50:05,17.795,0.487,-108.002,63.696,346.849,-90.359,64.22,349.114,-107.405,36.859,348.601,-108.599,90.532,345.097,-89.685,38.026,350.011,-91.069,91.777,348.17,18.318,-25.669,3.162,0.995,0.029,0.098,-1.385,53.75,-1.841,1.643,173.239,1.565,176.722
1775398805.722,2026-04-05 19:50:05,17.786,0.486,-107.995,63.671,346.831,-90.37,64.193,349.165,-107.403,36.835,348.584,-108.586,90.507,345.077,-89.692,38.053,350.056,-91.086,91.803,348.224,18.303,-25.619,3.225,0.995,0.028,0.097,-1.394,53.75,-1.832,1.629,173.267,1.578,176.63
1775398806.227,2026-04-05 19:50:06,17.81,0.487,-108.012,63.68,346.86,-90.33,64.189,348.936,-107.429,36.845,348.628,-108.594,90.516,345.092,-89.651,38.022,349.723,-91.046,91.779,348.108,18.361,-25.659,2.862,0.995,0.028,0.098,-1.396,53.758,-1.615,1.615,173.218,1.569,176.768
1775398806.756,2026-04-05 19:50:06,17.8,0.487,-108.023,63.705,346.897,-90.36,64.22,349.035,-107.431,36.868,348.635,-108.615,90.543,345.159,-89.681,38.043,349.843,-91.075,91.799,348.185,18.342,-25.663,2.946,0.995,0.028,0.098,-1.394,53.756,-1.658,1.628,173.271,1.568,176.775
1775398807.261,2026-04-05 19:50:07,17.812,0.487,-108.01,63.679,346.793,-90.342,64.191,348.995,-107.429,36.845,348.588,-108.592,90.512,344.997,-89.665,38.032,349.811,-91.056,91.787,348.133,18.345,-25.647,3.018,0.995,0.028,0.097,-1.391,53.756,-1.678,1.613,173.252,1.569,176.681
1775398807.769,2026-04-05 19:50:07,17.813,0.486,-108.034,63.683,346.905,-90.357,64.196,349.051,-107.452,36.85,348.707,-108.615,90.516,345.104,-89.686,38.05,349.901,-91.067,91.804,348.153,18.348,-25.633,2.996,0.995,0.028,0.098,-1.381,53.754,-1.748,1.62,173.186,1.562,176.675
1775398808.292,2026-04-05 19:50:08,17.791,0.487,-107.992,63.683,346.748,-90.367,64.201,349.116,-107.408,36.847,348.512,-108.576,90.519,344.983,-89.689,38.041,349.988,-91.082,91.793,348.196,18.303,-25.642,3.24,0.995,0.028,0.096,-1.393,53.752,-1.792,1.611,173.308,1.574,176.709
1775398808.795,2026-04-05 19:50:08,17.818,0.487,-108.033,63.699,346.901,-90.353,64.222,349.058,-107.428,36.861,348.626,-108.637,90.537,345.177,-89.675,38.029,349.878,-91.066,91.784,348.194,18.358,-25.67,2.977,0.995,0.029,0.098,-1.391,53.755,-1.685,1.654,173.256,1.564,176.834
1775398809.308,2026-04-05 19:50:09,17.828,0.487,-108.038,63.703,346.915,-90.329,64.214,348.906,-107.447,36.867,348.673,-108.629,90.539,345.157,-89.645,38.021,349.661,-91.048,91.78,348.111,18.393,-25.682,2.746,0.995,0.028,0.098,-1.403,53.759,-1.55,1.631,173.228,1.575,176.765
1775398809.822,2026-04-05 19:50:09,17.83,0.488,-108.04,63.721,346.947,-90.339,64.239,349.02,-107.443,36.884,348.681,-108.637,90.559,345.212,-89.657,38.029,349.842,-91.055,91.784,348.157,18.383,-25.693,2.896,0.995,0.028,0.099,-1.398,53.755,-1.685,1.641,173.235,1.575,176.72
1775398810.323,2026-04-05 19:50:10,17.845,0.488,-108.06,63.718,346.995,-90.326,64.232,348.912,-107.461,36.88,348.732,-108.66,90.555,345.257,-89.634,38.001,349.682,-91.051,91.759,348.104,18.426,-25.716,2.688,0.995,0.029,0.099,-1.418,53.758,-1.579,1.648,173.215,1.592,176.76
1775398810.831,2026-04-05 19:50:10,17.809,0.486,-107.999,63.649,346.768,-90.335,64.151,348.978,-107.434,36.816,348.583,-108.564,90.482,344.952,-89.643,38.017,349.765,-91.066,91.773,348.146,18.356,-25.632,2.998,0.995,0.027,0.096,-1.423,53.756,-1.62,1.579,173.263,1.602,176.662
1775398811.357,2026-04-05 19:50:11,17.821,0.487,-108.029,63.697,346.889,-90.335,64.207,348.954,-107.445,36.863,348.673,-108.613,90.532,345.104,-89.644,38.013,349.685,-91.063,91.773,348.184,18.385,-25.685,2.796,0.995,0.028,0.097,-1.419,53.76,-1.5,1.619,173.241,1.587,176.893
1775398811.896,2026-04-05 19:50:11,17.814,0.487,-108.012,63.686,346.831,-90.34,64.206,349.012,-107.417,36.851,348.598,-108.608,90.521,345.064,-89.669,38.051,349.811,-91.048,91.808,348.168,18.344,-25.635,2.98,0.995,0.028,0.097,-1.38,53.757,-1.644,1.64,173.249,1.553,176.762
1775398812.42,2026-04-05 19:50:12,17.82,0.487,-108.015,63.698,346.844,-90.334,64.212,349.012,-107.424,36.86,348.564,-108.606,90.536,345.123,-89.654,38.036,349.832,-91.051,91.792,348.149,18.361,-25.662,2.988,0.995,0.028,0.098,-1.397,53.755,-1.684,1.624,173.255,1.575,176.711
1775398812.927,2026-04-05 19:50:12,17.805,0.487,-108.016,63.7,346.852,-90.357,64.218,349.068,-107.427,36.865,348.626,-108.605,90.535,345.078,-89.679,38.016,349.979,-91.07,91.766,348.11,18.337,-25.684,3.127,0.995,0.028,0.097,-1.391,53.749,-1.87,1.626,173.267,1.576,176.639
1775398813.429,2026-04-05 19:50:13,17.804,0.487,-108.001,63.682,346.754,-90.347,64.204,349.0,-107.405,36.848,348.539,-108.598,90.516,344.969,-89.662,38.037,349.781,-91.07,91.794,348.177,18.339,-25.646,3.026,0.995,0.028,0.096,-1.408,53.757,-1.603,1.64,173.302,1.585,176.669
1775398813.962,2026-04-05 19:50:13,17.845,0.488,-108.055,63.728,346.923,-90.328,64.246,348.902,-107.454,36.892,348.678,-108.657,90.564,345.167,-89.642,38.004,349.691,-91.048,91.761,348.073,18.413,-25.724,2.769,0.995,0.029,0.098,-1.406,53.757,-1.618,1.652,173.25,1.583,176.712
1775398814.465,2026-04-05 19:50:14,17.814,0.487,-108.02,63.695,346.872,-90.337,64.21,348.968,-107.429,36.861,348.65,-108.61,90.53,345.095,-89.661,38.041,349.736,-91.051,91.8,348.158,18.359,-25.654,2.864,0.995,0.028,0.098,-1.39,53.759,-1.578,1.633,173.228,1.56,176.818
1775398815.805,2026-04-05 19:50:15,17.754,0.484,-107.928,63.582,346.509,-90.354,64.076,348.987,-107.385,36.753,348.378,-108.47,90.412,344.64,-89.665,38.035,349.749,-91.087,91.794,348.177,18.262,-25.547,3.24,0.995,0.027,0.093,-1.421,53.758,-1.573,1.531,173.342,1.597,176.701
1775398816.326,2026-04-05 19:50:16,17.833,0.487,-108.059,63.721,347.049,-90.346,64.233,349.048,-107.471,36.885,348.816,-108.647,90.556,345.283,-89.664,38.033,349.883,-91.063,91.788,348.169,18.396,-25.687,2.834,0.995,0.028,0.099,-1.399,53.754,-1.714,1.632,173.154,1.581,176.643
1775398816.859,2026-04-05 19:50:16,17.822,0.487,-108.032,63.702,346.951,-90.354,64.222,349.148,-107.443,36.868,348.739,-108.621,90.536,345.162,-89.675,38.031,350.053,-91.068,91.781,348.195,18.357,-25.671,3.103,0.995,0.028,0.098,-1.392,53.75,-1.858,1.634,173.184,1.576,176.679
1775398817.365,2026-04-05 19:50:17,17.849,0.487,-108.064,63.717,346.985,-90.34,64.235,349.034,-107.466,36.879,348.724,-108.661,90.554,345.245,-89.672,38.034,349.93,-91.043,91.785,348.092,18.392,-25.682,2.946,0.995,0.029,0.098,-1.372,53.751,-1.838,1.643,173.237,1.553,176.693
1775398817.888,2026-04-05 19:50:17,17.839,0.487,-108.049,63.702,346.948,-90.339,64.214,349.031,-107.463,36.866,348.7,-108.636,90.539,345.196,-89.67,38.033,349.856,-91.044,91.789,348.161,18.379,-25.669,2.908,0.995,0.028,0.098,-1.374,53.756,-1.695,1.621,173.234,1.547,176.812
1775398818.419,2026-04-05 19:50:18,17.801,0.487,-108.003,63.694,346.857,-90.341,64.209,349.018,-107.411,36.857,348.598,-108.594,90.531,345.116,-89.657,38.028,349.795,-91.063,91.786,348.201,18.346,-25.666,2.937,0.995,0.028,0.098,-1.406,53.758,-1.594,1.63,173.242,1.575,176.861
1775398818.927,2026-04-05 19:50:18,17.828,0.487,-108.036,63.687,346.894,-90.345,64.196,349.042,-107.456,36.852,348.677,-108.615,90.522,345.11,-89.653,38.041,349.838,-91.074,91.797,348.201,18.382,-25.646,2.945,0.995,0.028,0.097,-1.421,53.756,-1.637,1.606,173.276,1.6,176.678
1775398819.454,2026-04-05 19:50:19,17.806,0.487,-108.006,63.685,346.795,-90.34,64.199,348.966,-107.419,36.851,348.588,-108.593,90.518,345.001,-89.657,38.022,349.764,-91.06,91.778,348.126,18.349,-25.663,2.969,0.995,0.028,0.096,-1.402,53.757,-1.637,1.62,173.309,1.577,176.757
1775398819.987,2026-04-05 19:50:19,17.806,0.487,-108.003,63.696,346.806,-90.341,64.216,349.007,-107.405,36.86,348.556,-108.601,90.533,345.057,-89.65,38.02,349.793,-91.068,91.777,348.18,18.353,-25.676,2.987,0.995,0.028,0.097,-1.418,53.757,-1.614,1.64,173.283,1.594,176.743
1775398820.494,2026-04-05 19:50:20,17.783,0.486,-107.974,63.655,346.721,-90.348,64.167,349.02,-107.392,36.818,348.465,-108.557,90.492,344.977,-89.675,38.027,349.829,-91.06,91.784,348.165,18.3,-25.627,3.108,0.995,0.028,0.096,-1.385,53.756,-1.665,1.603,173.349,1.558,176.805
1775398821.02,2026-04-05 19:50:21,17.81,0.487,-108.028,63.721,346.932,-90.347,64.252,349.007,-107.409,36.884,348.665,-108.646,90.558,345.198,-89.671,38.048,349.782,-91.058,91.806,348.192,18.357,-25.673,2.85,0.995,0.029,0.099,-1.388,53.759,-1.59,1.689,173.211,1.561,176.72
1775398821.521,2026-04-05 19:50:21,17.837,0.487,-108.043,63.72,346.965,-90.349,64.243,349.159,-107.445,36.882,348.702,-108.642,90.557,345.227,-89.689,38.085,350.05,-91.046,91.836,348.219,18.354,-25.635,3.085,0.995,0.029,0.099,-1.356,53.752,-1.83,1.646,173.218,1.54,176.599
1775398822.055,2026-04-05 19:50:22,17.833,0.488,-108.049,63.742,346.967,-90.34,64.268,349.002,-107.435,36.905,348.706,-108.664,90.578,345.228,-89.649,38.044,349.763,-91.066,91.803,348.203,18.4,-25.698,2.796,0.995,0.029,0.098,-1.417,53.759,-1.56,1.677,173.25,1.592,176.713
1775398822.561,2026-04-05 19:50:22,17.82,0.487,-108.023,63.692,346.901,-90.338,64.202,349.033,-107.444,36.857,348.683,-108.602,90.527,345.12,-89.663,38.034,349.869,-91.049,91.788,348.152,18.359,-25.658,2.968,0.995,0.028,0.098,-1.386,53.755,-1.718,1.609,173.228,1.564,176.71
1775398823.082,2026-04-05 19:50:23,17.818,0.487,-108.031,63.699,346.923,-90.347,64.208,349.042,-107.452,36.864,348.704,-108.61,90.533,345.141,-89.671,38.044,349.842,-91.06,91.801,348.197,18.36,-25.655,2.919,0.995,0.028,0.098,-1.389,53.757,-1.645,1.612,173.201,1.561,176.838
1775398823.591,2026-04-05 19:50:23,17.83,0.487,-108.027,63.708,346.856,-90.337,64.224,349.018,-107.437,36.872,348.625,-108.618,90.543,345.087,-89.657,38.04,349.858,-91.052,91.794,348.134,18.37,-25.667,3.002,0.995,0.028,0.097,-1.395,53.754,-1.724,1.628,173.281,1.575,176.694
1775398824.093,2026-04-05 19:50:24,17.837,0.487,-108.034,63.703,346.899,-90.338,64.219,349.071,-107.444,36.867,348.654,-108.624,90.539,345.145,-89.665,38.066,349.894,-91.047,91.821,348.203,18.369,-25.637,2.994,0.995,0.028,0.098,-1.382,53.756,-1.69,1.628,173.246,1.556,176.807
1775398824.623,2026-04-05 19:50:24,17.821,0.487,-108.04,63.727,347.012,-90.343,64.246,349.04,-107.439,36.889,348.746,-108.641,90.564,345.278,-89.662,38.044,349.839,-91.059,91.801,348.2,18.378,-25.682,2.828,0.995,0.029,0.1,-1.397,53.757,-1.639,1.655,173.176,1.575,176.672
1775398825.154,2026-04-05 19:50:25,17.79,0.487,-107.977,63.686,346.747,-90.334,64.203,348.969,-107.383,36.849,348.496,-108.572,90.522,344.997,-89.65,38.037,349.74,-91.056,91.795,348.157,18.328,-25.649,2.993,0.995,0.028,0.097,-1.407,53.758,-1.582,1.632,173.308,1.583,176.659
1775398825.665,2026-04-05 19:50:25,17.833,0.487,-108.04,63.712,346.907,-90.347,64.226,349.077,-107.454,36.876,348.665,-108.626,90.548,345.148,-89.669,38.048,349.927,-91.062,91.802,348.182,18.371,-25.663,3.021,0.995,0.028,0.098,-1.393,53.754,-1.746,1.62,173.234,1.572,176.733
1775398826.181,2026-04-05 19:50:26,17.805,0.487,-108.019,63.702,346.887,-90.345,64.22,348.986,-107.422,36.866,348.641,-108.616,90.538,345.134,-89.662,38.046,349.74,-91.065,91.805,348.192,18.356,-25.656,2.853,0.995,0.029,0.099,-1.403,53.759,-1.548,1.646,173.215,1.572,176.849
1775398826.682,2026-04-05 19:50:26,17.834,0.488,-108.064,63.744,347.042,-90.356,64.264,349.094,-107.463,36.907,348.78,-108.664,90.582,345.304,-89.675,38.035,349.921,-91.07,91.79,348.227,18.389,-25.709,2.879,0.995,0.029,0.1,-1.395,53.755,-1.693,1.652,173.185,1.57,176.778
1775398827.193,2026-04-05 19:50:27,17.819,0.487,-108.021,63.702,346.86,-90.352,64.221,349.105,-107.432,36.866,348.624,-108.61,90.538,345.096,-89.679,38.029,349.995,-91.06,91.78,348.168,18.342,-25.673,3.135,0.995,0.028,0.097,-1.381,53.751,-1.827,1.625,173.27,1.56,176.754
1775398827.717,2026-04-05 19:50:27,17.804,0.487,-108.013,63.706,346.838,-90.365,64.233,349.126,-107.41,36.87,348.594,-108.615,90.541,345.082,-89.695,38.062,349.978,-91.071,91.816,348.228,18.318,-25.644,3.14,0.995,0.029,0.097,-1.376,53.754,-1.75,1.65,173.292,1.554,176.727
1775398828.25,2026-04-05 19:50:28,17.817,0.487,-108.016,63.686,346.791,-90.338,64.195,348.96,-107.436,36.851,348.577,-108.596,90.52,345.005,-89.648,38.033,349.746,-91.066,91.79,348.132,18.367,-25.653,2.955,0.995,0.028,0.096,-1.417,53.757,-1.614,1.604,173.314,1.593,176.751
1775398828.749,2026-04-05 19:50:28,17.827,0.487,-108.019,63.688,346.834,-90.337,64.195,349.045,-107.444,36.853,348.623,-108.594,90.522,345.045,-89.658,38.025,349.846,-91.052,91.782,348.2,18.361,-25.663,3.012,0.995,0.028,0.096,-1.394,53.757,-1.646,1.595,173.301,1.565,176.841
1775398829.279,2026-04-05 19:50:29,17.828,0.486,-108.012,63.689,346.799,-90.348,64.216,349.155,-107.415,36.853,348.552,-108.609,90.525,345.046,-89.679,38.067,350.031,-91.054,91.819,348.23,18.333,-25.622,3.231,0.995,0.028,0.097,-1.376,53.752,-1.8,1.638,173.306,1.557,176.67
1775398829.783,2026-04-05 19:50:29,17.834,0.487,-108.042,63.693,346.895,-90.334,64.196,348.959,-107.469,36.859,348.689,-108.614,90.527,345.102,-89.657,38.026,349.722,-91.049,91.785,348.154,18.385,-25.667,2.826,0.995,0.028,0.097,-1.392,53.759,-1.567,1.595,173.237,1.561,176.82
1775398830.288,2026-04-05 19:50:30,17.837,0.488,-108.052,63.733,347.031,-90.34,64.249,349.076,-107.459,36.897,348.798,-108.646,90.568,345.264,-89.661,38.039,349.912,-91.054,91.793,348.198,18.391,-25.694,2.881,0.995,0.029,0.099,-1.393,53.754,-1.714,1.642,173.173,1.567,176.799
1775398830.814,2026-04-05 19:50:30,17.839,0.487,-108.04,63.697,346.922,-90.344,64.211,349.109,-107.458,36.863,348.705,-108.622,90.532,345.14,-89.678,38.044,349.993,-91.045,91.796,348.177,18.362,-25.653,3.07,0.995,0.028,0.097,-1.367,53.752,-1.816,1.615,173.23,1.544,176.772
1775398831.317,2026-04-05 19:50:31,17.828,0.487,-108.043,63.715,346.908,-90.351,64.234,349.049,-107.447,36.88,348.68,-108.638,90.55,345.136,-89.672,38.055,349.856,-91.067,91.811,348.199,18.37,-25.66,2.948,0.995,0.029,0.097,-1.394,53.756,-1.658,1.641,173.244,1.57,176.731
1775398831.829,2026-04-05 19:50:31,17.826,0.487,-108.052,63.716,346.905,-90.357,64.234,348.997,-107.457,36.882,348.679,-108.647,90.551,345.131,-89.676,38.03,349.78,-91.073,91.788,348.174,18.376,-25.686,2.875,0.995,0.029,0.097,-1.397,53.758,-1.606,1.641,173.242,1.57,176.768
1775398832.354,2026-04-05 19:50:32,17.801,0.487,-107.997,63.68,346.796,-90.34,64.19,348.997,-107.415,36.844,348.555,-108.579,90.516,345.038,-89.643,38.022,349.791,-91.076,91.778,348.161,18.354,-25.658,2.995,0.995,0.028,0.097,-1.433,53.756,-1.631,1.607,173.292,1.613,176.67
1775398832.88,2026-04-05 19:50:32,17.842,0.488,-108.052,63.718,347.008,-90.316,64.227,348.872,-107.462,36.882,348.763,-108.643,90.554,345.252,-89.627,38.005,349.649,-91.039,91.762,348.056,18.425,-25.714,2.641,0.995,0.028,0.099,-1.412,53.758,-1.593,1.632,173.209,1.584,176.819
1775398833.38,2026-04-05 19:50:33,17.842,0.488,-108.081,63.752,347.083,-90.356,64.271,349.053,-107.477,36.914,348.804,-108.685,90.59,345.362,-89.673,38.035,349.9,-91.072,91.788,348.165,18.408,-25.717,2.817,0.995,0.029,0.1,-1.399,53.754,-1.734,1.657,173.197,1.575,176.8
1775398833.882,2026-04-05 19:50:33,17.84,0.487,-108.062,63.716,346.965,-90.353,64.228,349.052,-107.477,36.881,348.739,-108.647,90.551,345.191,-89.682,38.045,349.913,-91.059,91.798,348.145,18.381,-25.671,2.947,0.995,0.028,0.098,-1.377,53.753,-1.767,1.622,173.212,1.556,176.719
1775398834.409,2026-04-05 19:50:34,17.828,0.487,-108.035,63.714,346.895,-90.339,64.23,348.994,-107.441,36.877,348.644,-108.63,90.55,345.145,-89.652,38.03,349.79,-91.062,91.787,348.156,18.383,-25.684,2.896,0.995,0.028,0.097,-1.41,53.757,-1.635,1.634,173.279,1.586,176.733
1775398834.91,2026-04-05 19:50:34,17.819,0.488,-108.037,63.726,346.931,-90.358,64.253,349.09,-107.432,36.889,348.662,-108.643,90.564,345.2,-89.69,38.039,349.986,-91.06,91.79,348.149,18.347,-25.688,3.055,0.995,0.029,0.099,-1.369,53.751,-1.837,1.66,173.235,1.55,176.687
1775398835.412,2026-04-05 19:50:35,17.819,0.488,-108.01,63.708,346.834,-90.337,64.23,349.05,-107.412,36.871,348.576,-108.608,90.545,345.092,-89.659,38.023,349.885,-91.05,91.778,348.172,18.351,-25.685,3.052,0.995,0.028,0.097,-1.39,53.755,-1.713,1.64,173.287,1.565,176.8
1775398835.946,2026-04-05 19:50:35,17.833,0.487,-108.032,63.705,346.914,-90.336,64.222,349.058,-107.441,36.87,348.681,-108.623,90.541,345.148,-89.662,38.055,349.863,-91.047,91.812,348.21,18.37,-25.65,2.948,0.995,0.028,0.098,-1.385,53.757,-1.653,1.632,173.228,1.56,176.744
1775398836.479,2026-04-05 19:50:36,17.843,0.488,-108.074,63.753,347.06,-90.356,64.271,349.093,-107.474,36.915,348.78,-108.674,90.592,345.34,-89.673,38.056,349.931,-91.072,91.81,348.212,18.401,-25.697,2.871,0.995,0.029,0.1,-1.399,53.754,-1.719,1.648,173.205,1.579,176.683
1775398837.012,2026-04-05 19:50:37,17.824,0.487,-108.032,63.7,346.91,-90.341,64.214,349.022,-107.445,36.867,348.71,-108.619,90.533,345.111,-89.659,38.029,349.832,-91.059,91.785,348.169,18.373,-25.671,2.921,0.995,0.028,0.097,-1.4,53.756,-1.663,1.628,173.222,1.573,176.84
1775398837.517,2026-04-05 19:50:37,17.832,0.488,-108.076,63.758,347.118,-90.344,64.271,348.926,-107.475,36.921,348.85,-108.676,90.596,345.387,-89.647,38.027,349.701,-91.074,91.784,348.114,18.429,-25.731,2.583,0.995,0.029,0.1,-1.427,53.758,-1.587,1.654,173.16,1.605,176.657
1775398838.05,2026-04-05 19:50:38,17.83,0.487,-108.011,63.699,346.769,-90.339,64.218,349.08,-107.42,36.863,348.519,-108.602,90.536,345.02,-89.652,38.033,349.877,-91.063,91.79,348.24,18.359,-25.666,3.108,0.995,0.028,0.096,-1.411,53.756,-1.638,1.62,173.355,1.59,176.652
1775398838.58,2026-04-05 19:50:38,17.829,0.487,-108.044,63.732,346.957,-90.35,64.251,349.086,-107.448,36.895,348.695,-108.64,90.569,345.219,-89.673,38.047,349.943,-91.062,91.8,348.185,18.371,-25.685,2.986,0.995,0.028,0.099,-1.389,53.753,-1.758,1.64,173.229,1.57,176.662
1775398839.112,2026-04-05 19:50:39,17.842,0.487,-108.074,63.725,346.975,-90.371,64.239,349.138,-107.488,36.89,348.743,-108.66,90.56,345.207,-89.703,38.064,349.962,-91.076,91.819,348.27,18.372,-25.661,2.987,0.995,0.028,0.097,-1.374,53.756,-1.691,1.618,173.277,1.549,176.739
1775399099.237,2026-04-05 19:54:59,17.766,0.486,-107.896,63.533,346.608,-90.287,64.044,348.911,-107.325,36.702,348.436,-108.467,90.365,344.781,-89.611,37.911,349.749,-91.002,91.664,348.026,18.285,-25.623,3.141,0.995,0.028,0.097,-1.391,53.754,-1.723,1.601,173.181,1.568,176.741
1775399099.741,2026-04-05 19:54:59,17.801,0.486,-107.986,63.596,346.853,-90.337,64.112,349.114,-107.399,36.76,348.612,-108.573,90.432,345.093,-89.669,37.97,349.958,-91.042,91.724,348.222,18.317,-25.627,3.105,0.995,0.028,0.096,-1.373,53.754,-1.736,1.614,173.332,1.551,176.704
1775399100.24,2026-04-05 19:55:00,17.834,0.487,-108.024,63.613,346.94,-90.322,64.124,349.043,-107.441,36.778,348.711,-108.607,90.448,345.169,-89.65,37.97,349.908,-91.031,91.723,348.131,18.374,-25.643,2.969,0.995,0.028,0.097,-1.381,53.753,-1.778,1.615,173.245,1.562,176.696
1775399100.757,2026-04-05 19:55:00,17.794,0.487,-107.982,63.627,346.813,-90.333,64.144,349.023,-107.384,36.789,348.528,-108.58,90.466,345.097,-89.637,37.96,349.801,-91.067,91.717,348.204,18.345,-25.667,2.988,0.995,0.028,0.096,-1.43,53.757,-1.597,1.631,173.363,1.607,176.712
1775399101.275,2026-04-05 19:55:01,17.832,0.487,-108.044,63.641,347.009,-90.335,64.148,349.043,-107.464,36.805,348.769,-108.623,90.477,345.249,-89.662,37.975,349.877,-91.045,91.729,348.164,18.381,-25.667,2.868,0.995,0.028,0.099,-1.382,53.755,-1.713,1.61,173.197,1.557,176.798
1775399101.804,2026-04-05 19:55:01,17.817,0.487,-108.028,63.665,346.932,-90.343,64.192,349.032,-107.414,36.826,348.644,-108.642,90.503,345.221,-89.654,37.988,349.823,-91.068,91.744,348.2,18.374,-25.677,2.891,0.995,0.029,0.099,-1.414,53.757,-1.623,1.673,173.248,1.59,176.753
1775399102.314,2026-04-05 19:55:02,17.827,0.487,-108.029,63.659,346.96,-90.336,64.175,349.076,-107.437,36.822,348.705,-108.621,90.495,345.215,-89.659,37.995,349.941,-91.048,91.748,348.165,18.37,-25.664,2.981,0.995,0.028,0.099,-1.389,53.752,-1.776,1.635,173.196,1.568,176.737
1775399102.839,2026-04-05 19:55:02,17.821,0.487,-108.02,63.643,346.87,-90.336,64.152,349.015,-107.438,36.807,348.624,-108.601,90.48,345.117,-89.655,37.988,349.844,-91.054,91.743,348.141,18.365,-25.655,2.974,0.995,0.028,0.097,-1.399,53.755,-1.704,1.606,173.285,1.576,176.744
1775399103.343,2026-04-05 19:55:03,17.802,0.488,-108.001,63.673,346.84,-90.336,64.2,348.977,-107.387,36.833,348.531,-108.615,90.513,345.149,-89.654,37.968,349.816,-91.051,91.722,348.097,18.347,-25.705,2.976,0.995,0.029,0.098,-1.397,53.754,-1.719,1.667,173.29,1.569,176.89
1775399103.882,2026-04-05 19:55:03,17.812,0.487,-107.991,63.641,346.761,-90.322,64.16,348.95,-107.398,36.806,348.531,-108.585,90.476,344.992,-89.644,37.989,349.771,-91.037,91.744,348.085,18.348,-25.652,3.01,0.995,0.028,0.097,-1.394,53.755,-1.686,1.633,173.29,1.571,176.717
1775399104.399,2026-04-05 19:55:04,17.805,0.487,-108.003,63.655,346.848,-90.32,64.165,348.861,-107.414,36.82,348.609,-108.592,90.491,345.088,-89.634,37.977,349.622,-91.041,91.735,348.06,18.369,-25.678,2.774,0.995,0.028,0.098,-1.407,53.758,-1.562,1.627,173.237,1.578,176.789
1775399104.901,2026-04-05 19:55:04,17.79,0.487,-107.986,63.66,346.8,-90.336,64.178,348.971,-107.392,36.823,348.552,-108.58,90.496,345.048,-89.664,37.994,349.846,-91.044,91.747,348.049,18.322,-25.665,3.046,0.995,0.028,0.098,-1.381,53.752,-1.797,1.636,173.243,1.56,176.714
1775399105.434,2026-04-05 19:55:05,17.815,0.487,-108.038,63.67,346.923,-90.363,64.186,349.085,-107.447,36.834,348.68,-108.628,90.506,345.166,-89.681,38.02,349.945,-91.081,91.773,348.178,18.357,-25.65,3.022,0.995,0.028,0.098,-1.4,53.753,-1.766,1.628,173.258,1.579,176.747
1775399105.94,2026-04-05 19:55:05,17.848,0.487,-108.061,63.695,347.016,-90.315,64.197,348.856,-107.477,36.857,348.745,-108.646,90.533,345.287,-89.624,38.005,349.559,-91.042,91.767,348.116,18.437,-25.689,2.543,0.995,0.028,0.099,-1.418,53.762,-1.443,1.617,173.199,1.588,176.73
1775399106.442,2026-04-05 19:55:06,17.808,0.487,-108.005,63.685,346.837,-90.33,64.202,348.946,-107.407,36.846,348.555,-108.604,90.523,345.12,-89.642,38.01,349.767,-91.055,91.765,348.082,18.363,-25.674,2.929,0.995,0.028,0.098,-1.413,53.755,-1.684,1.638,173.285,1.594,176.641
1775399106.966,2026-04-05 19:55:06,17.821,0.487,-108.036,63.683,346.963,-90.34,64.198,349.001,-107.445,36.848,348.733,-108.627,90.518,345.193,-89.652,38.013,349.801,-91.064,91.77,348.159,18.384,-25.67,2.838,0.995,0.028,0.099,-1.412,53.756,-1.641,1.639,173.152,1.588,176.743
1775399107.474,2026-04-05 19:55:07,17.844,0.487,-108.051,63.695,346.942,-90.325,64.208,348.928,-107.456,36.858,348.692,-108.646,90.531,345.192,-89.641,38.016,349.651,-91.045,91.777,348.168,18.41,-25.679,2.709,0.995,0.028,0.098,-1.404,53.761,-1.483,1.638,173.24,1.57,176.864
1775399108.011,2026-04-05 19:55:08,17.836,0.487,-108.04,63.69,346.88,-90.337,64.206,348.987,-107.447,36.855,348.639,-108.633,90.526,345.122,-89.649,38.02,349.783,-91.061,91.777,348.148,18.391,-25.67,2.903,0.995,0.028,0.097,-1.412,53.756,-1.635,1.631,173.284,1.593,176.628
1775399108.541,2026-04-05 19:55:08,17.795,0.487,-107.995,63.676,346.801,-90.354,64.195,349.087,-107.404,36.839,348.537,-108.585,90.514,345.066,-89.67,38.027,349.966,-91.076,91.779,348.161,18.325,-25.649,3.165,0.995,0.028,0.098,-1.407,53.751,-1.805,1.624,173.283,1.591,176.656
1775399109.044,2026-04-05 19:55:09,17.815,0.488,-108.028,63.708,346.915,-90.344,64.231,349.004,-107.422,36.871,348.647,-108.635,90.546,345.184,-89.651,38.011,349.812,-91.071,91.767,348.156,18.378,-25.697,2.896,0.995,0.029,0.098,-1.421,53.756,-1.655,1.66,173.249,1.597,176.78
1775399109.563,2026-04-05 19:55:09,17.827,0.488,-108.035,63.709,346.918,-90.337,64.227,348.998,-107.441,36.874,348.69,-108.63,90.543,345.146,-89.649,38.016,349.84,-91.061,91.769,348.113,18.387,-25.693,2.922,0.995,0.029,0.098,-1.412,53.754,-1.728,1.642,173.216,1.591,176.745
1775399110.099,2026-04-05 19:55:10,17.808,0.488,-108.029,63.716,346.923,-90.348,64.234,348.98,-107.428,36.879,348.663,-108.629,90.553,345.183,-89.667,38.025,349.789,-91.064,91.781,348.13,18.362,-25.691,2.866,0.995,0.029,0.098,-1.397,53.756,-1.659,1.648,173.24,1.572,176.766
1775399110.611,2026-04-05 19:55:10,17.811,0.487,-108.007,63.695,346.822,-90.332,64.21,348.96,-107.416,36.859,348.575,-108.598,90.531,345.069,-89.649,38.034,349.777,-91.052,91.789,348.098,18.358,-25.661,2.955,0.995,0.028,0.097,-1.403,53.755,-1.679,1.626,173.286,1.583,176.671
1775399111.137,2026-04-05 19:55:11,17.801,0.487,-107.993,63.675,346.741,-90.337,64.194,348.949,-107.4,36.841,348.527,-108.586,90.509,344.954,-89.659,38.027,349.779,-91.051,91.782,348.075,18.334,-25.648,3.038,0.995,0.028,0.096,-1.392,53.755,-1.703,1.634,173.296,1.57,176.726
1775399111.665,2026-04-05 19:55:11,17.833,0.487,-108.04,63.693,346.91,-90.331,64.199,348.952,-107.464,36.859,348.703,-108.615,90.527,345.117,-89.653,38.036,349.739,-91.047,91.793,348.123,18.386,-25.658,2.829,0.995,0.028,0.098,-1.394,53.757,-1.615,1.605,173.192,1.567,176.752
1775399112.179,2026-04-05 19:55:12,17.849,0.488,-108.078,63.741,347.066,-90.33,64.26,348.883,-107.471,36.905,348.814,-108.685,90.577,345.318,-89.649,38.043,349.615,-91.046,91.804,348.114,18.429,-25.698,2.548,0.994,0.029,0.101,-1.396,53.761,-1.5,1.674,173.107,1.567,176.743
1775399112.695,2026-04-05 19:55:12,17.818,0.487,-108.046,63.718,346.957,-90.347,64.235,348.941,-107.451,36.885,348.753,-108.642,90.552,345.161,-89.665,38.032,349.739,-91.063,91.788,348.102,18.381,-25.687,2.782,0.995,0.029,0.098,-1.398,53.757,-1.637,1.65,173.174,1.573,176.749
1775399113.201,2026-04-05 19:55:13,17.837,0.487,-108.033,63.707,346.897,-90.316,64.22,348.893,-107.441,36.872,348.663,-108.626,90.543,345.132,-89.631,38.016,349.652,-91.037,91.775,348.096,18.402,-25.691,2.754,0.995,0.028,0.098,-1.405,53.759,-1.556,1.634,173.239,1.574,176.872
1775399113.736,2026-04-05 19:55:13,17.822,0.487,-108.027,63.71,346.889,-90.331,64.224,348.943,-107.437,36.874,348.651,-108.617,90.546,345.128,-89.658,38.025,349.776,-91.038,91.78,348.068,18.368,-25.685,2.887,0.995,0.028,0.099,-1.38,53.755,-1.708,1.632,173.206,1.555,176.772
1775399114.262,2026-04-05 19:55:14,17.81,0.486,-107.996,63.667,346.732,-90.342,64.181,349.031,-107.414,36.832,348.517,-108.578,90.501,344.947,-89.662,38.045,349.859,-91.06,91.799,348.155,18.333,-25.622,3.128,0.995,0.028,0.096,-1.398,53.755,-1.704,1.608,173.315,1.576,176.699
1775399114.766,2026-04-05 19:55:14,17.796,0.487,-108.003,63.699,346.837,-90.34,64.211,348.938,-107.415,36.863,348.6,-108.592,90.534,345.074,-89.653,38.02,349.748,-91.062,91.776,348.085,18.35,-25.678,2.911,0.995,0.028,0.098,-1.408,53.756,-1.662,1.626,173.237,1.588,176.675
1775399115.271,2026-04-05 19:55:15,17.862,0.487,-108.071,63.718,346.987,-90.328,64.23,348.979,-107.484,36.883,348.763,-108.659,90.553,345.211,-89.66,38.033,349.807,-91.03,91.789,348.109,18.412,-25.685,2.82,0.995,0.028,0.098,-1.371,53.756,-1.697,1.63,173.191,1.545,176.766
1775399115.795,2026-04-05 19:55:15,17.831,0.487,-108.026,63.685,346.85,-90.332,64.2,348.996,-107.44,36.85,348.624,-108.612,90.52,345.077,-89.657,38.027,349.876,-91.044,91.779,348.069,18.368,-25.658,3.026,0.995,0.028,0.098,-1.386,53.752,-1.807,1.622,173.238,1.572,176.585
1775399116.303,2026-04-05 19:55:16,17.791,0.487,-107.986,63.682,346.781,-90.321,64.192,348.839,-107.4,36.847,348.556,-108.572,90.517,345.005,-89.635,38.021,349.588,-91.045,91.781,348.048,18.351,-25.661,2.808,0.995,0.028,0.098,-1.41,53.759,-1.54,1.623,173.23,1.585,176.67
1775399116.831,2026-04-05 19:55:16,17.846,0.488,-108.048,63.716,346.922,-90.325,64.23,348.945,-107.458,36.88,348.682,-108.639,90.552,345.162,-89.633,38.004,349.778,-91.05,91.759,348.072,18.415,-25.712,2.856,0.995,0.028,0.098,-1.417,53.754,-1.706,1.632,173.209,1.594,176.773
1775399117.341,2026-04-05 19:55:17,17.819,0.487,-108.031,63.71,346.907,-90.341,64.217,348.977,-107.451,36.875,348.67,-108.611,90.546,345.144,-89.663,38.042,349.788,-91.055,91.798,348.122,18.369,-25.668,2.881,0.995,0.028,0.098,-1.392,53.756,-1.666,1.607,173.25,1.569,176.696
1775399117.865,2026-04-05 19:55:17,17.823,0.487,-108.028,63.697,346.864,-90.355,64.216,349.114,-107.439,36.862,348.635,-108.618,90.532,345.094,-89.674,38.05,349.993,-91.074,91.802,348.186,18.355,-25.646,3.129,0.995,0.028,0.097,-1.401,53.751,-1.807,1.627,173.255,1.585,176.648
1775399118.392,2026-04-05 19:55:18,17.823,0.488,-108.035,63.722,346.905,-90.338,64.242,348.962,-107.436,36.886,348.66,-108.634,90.558,345.15,-89.653,38.022,349.815,-91.058,91.775,348.066,18.382,-25.7,2.91,0.995,0.029,0.098,-1.405,53.753,-1.749,1.648,173.225,1.589,176.611
1775399118.9,2026-04-05 19:55:18,17.825,0.488,-108.051,63.734,346.965,-90.347,64.249,348.974,-107.455,36.898,348.723,-108.647,90.57,345.207,-89.666,38.036,349.772,-91.062,91.793,348.137,18.385,-25.698,2.806,0.995,0.029,0.098,-1.396,53.757,-1.635,1.642,173.223,1.571,176.741
1775399119.425,2026-04-05 19:55:19,17.817,0.487,-108.005,63.685,346.782,-90.325,64.198,348.926,-107.421,36.852,348.584,-108.589,90.518,344.981,-89.644,38.028,349.743,-91.042,91.783,348.066,18.361,-25.657,2.96,0.995,0.028,0.096,-1.398,53.756,-1.676,1.617,173.289,1.577,176.666
1775399119.929,2026-04-05 19:55:19,17.816,0.487,-108.024,63.72,346.944,-90.341,64.244,349.047,-107.417,36.883,348.677,-108.631,90.557,345.21,-89.651,38.041,349.845,-91.066,91.797,348.207,18.373,-25.679,2.901,0.995,0.029,0.099,-1.415,53.756,-1.638,1.664,173.223,1.592,176.738
1775399120.445,2026-04-05 19:55:20,17.851,0.487,-108.073,63.723,347.017,-90.33,64.233,348.919,-107.481,36.886,348.752,-108.664,90.561,345.283,-89.65,38.04,349.707,-91.046,91.797,348.091,18.423,-25.683,2.69,0.995,0.028,0.099,-1.396,53.757,-1.617,1.631,173.207,1.571,176.737
1775399120.964,2026-04-05 19:55:20,17.843,0.487,-108.032,63.712,346.879,-90.308,64.228,348.866,-107.434,36.877,348.652,-108.63,90.547,345.106,-89.624,38.024,349.617,-91.027,91.784,348.075,18.408,-25.688,2.738,0.995,0.029,0.097,-1.402,53.76,-1.542,1.643,173.278,1.575,176.731
1775399121.467,2026-04-05 19:55:21,17.852,0.488,-108.077,63.76,347.025,-90.342,64.282,348.995,-107.47,36.923,348.756,-108.685,90.598,345.294,-89.653,38.038,349.806,-91.065,91.793,348.145,18.425,-25.723,2.781,0.995,0.029,0.099,-1.413,53.755,-1.661,1.665,173.215,1.589,176.741
1775399121.994,2026-04-05 19:55:21,17.806,0.487,-108.004,63.711,346.847,-90.323,64.227,348.891,-107.405,36.874,348.592,-108.602,90.548,345.103,-89.623,38.029,349.638,-91.06,91.788,348.106,18.381,-25.681,2.79,0.995,0.029,0.098,-1.437,53.759,-1.532,1.643,173.255,1.611,176.749
1775399122.526,2026-04-05 19:55:22,17.853,0.488,-108.069,63.749,347.09,-90.313,64.264,348.887,-107.467,36.912,348.828,-108.67,90.586,345.351,-89.634,38.031,349.698,-91.026,91.788,348.036,18.434,-25.718,2.608,0.994,0.029,0.101,-1.391,53.756,-1.663,1.661,173.096,1.568,176.734
1775399123.032,2026-04-05 19:55:23,17.835,0.487,-108.043,63.702,346.883,-90.339,64.214,348.975,-107.459,36.867,348.669,-108.628,90.536,345.097,-89.665,38.042,349.808,-91.05,91.796,348.096,18.378,-25.66,2.925,0.995,0.028,0.097,-1.385,53.755,-1.712,1.621,173.233,1.563,176.701
1775399123.557,2026-04-05 19:55:23,17.816,0.487,-108.028,63.709,346.877,-90.354,64.226,349.059,-107.437,36.874,348.64,-108.618,90.545,345.113,-89.67,38.034,349.878,-91.073,91.79,348.196,18.358,-25.675,3.002,0.995,0.028,0.097,-1.403,53.755,-1.683,1.629,173.26,1.576,176.853
1775399124.063,2026-04-05 19:55:24,17.805,0.487,-108.008,63.69,346.798,-90.342,64.202,348.958,-107.42,36.853,348.542,-108.596,90.527,345.054,-89.659,38.036,349.735,-91.063,91.794,348.139,18.349,-25.654,2.937,0.995,0.028,0.097,-1.404,53.758,-1.597,1.618,173.295,1.577,176.791
1775399124.573,2026-04-05 19:55:24,17.812,0.487,-108.008,63.702,346.839,-90.342,64.216,349.054,-107.425,36.866,348.6,-108.591,90.538,345.079,-89.68,38.058,349.951,-91.04,91.808,348.108,18.328,-25.644,3.112,0.995,0.028,0.098,-1.36,53.751,-1.843,1.616,173.224,1.54,176.71
1775399319.306,2026-04-05 19:58:39,17.739,0.488,-107.886,63.571,346.685,-90.247,64.079,348.495,-107.293,36.736,348.457,-108.478,90.406,344.912,-89.568,37.832,349.325,-90.958,91.586,347.625,18.317,-25.739,2.64,0.995,0.029,0.1,-1.39,53.754,-1.699,1.645,173.119,1.561,176.861
1775399319.831,2026-04-05 19:58:39,17.81,0.487,-108.018,63.627,346.89,-90.348,64.144,349.062,-107.425,36.791,348.639,-108.61,90.464,345.141,-89.673,37.952,349.895,-91.059,91.707,348.186,18.345,-25.675,3.005,0.995,0.028,0.097,-1.386,53.755,-1.709,1.628,173.304,1.56,176.786
1775399320.333,2026-04-05 19:58:40,17.822,0.487,-108.033,63.642,346.917,-90.346,64.152,349.036,-107.447,36.805,348.658,-108.62,90.479,345.175,-89.669,37.986,349.834,-91.059,91.742,348.194,18.364,-25.656,2.917,0.995,0.028,0.097,-1.389,53.757,-1.64,1.613,173.318,1.561,176.823
1775399320.877,2026-04-05 19:58:40,17.815,0.487,-108.017,63.643,346.833,-90.342,64.162,348.993,-107.418,36.806,348.573,-108.617,90.48,345.093,-89.658,37.987,349.756,-91.062,91.746,348.189,18.359,-25.656,2.923,0.995,0.028,0.096,-1.403,53.759,-1.567,1.638,173.349,1.578,176.718
1775399321.399,2026-04-05 19:58:41,17.811,0.487,-107.998,63.618,346.773,-90.34,64.132,349.047,-107.417,36.783,348.556,-108.579,90.452,344.99,-89.649,37.96,349.92,-91.068,91.711,348.126,18.349,-25.657,3.147,0.995,0.028,0.096,-1.419,53.751,-1.795,1.607,173.299,1.604,176.624
1775399321.937,2026-04-05 19:58:41,17.816,0.487,-108.021,63.661,346.88,-90.339,64.177,348.991,-107.427,36.825,348.636,-108.616,90.497,345.124,-89.655,37.986,349.809,-91.058,91.741,348.13,18.366,-25.675,2.929,0.995,0.028,0.097,-1.402,53.755,-1.679,1.633,173.298,1.58,176.706
1775399322.465,2026-04-05 19:58:42,17.828,0.487,-108.058,63.689,346.938,-90.361,64.211,349.028,-107.453,36.851,348.667,-108.664,90.526,345.209,-89.687,38.01,349.887,-91.07,91.763,348.126,18.371,-25.679,2.949,0.995,0.029,0.098,-1.383,53.753,-1.761,1.654,173.286,1.565,176.641
1775399322.971,2026-04-05 19:58:42,17.803,0.487,-107.996,63.652,346.721,-90.335,64.167,348.904,-107.405,36.817,348.483,-108.587,90.488,344.958,-89.644,38.003,349.66,-91.064,91.762,348.108,18.353,-25.649,2.939,0.995,0.028,0.096,-1.42,53.759,-1.552,1.625,173.32,1.595,176.721
1775399323.476,2026-04-05 19:58:43,17.799,0.487,-107.995,63.663,346.76,-90.335,64.178,348.916,-107.399,36.824,348.477,-108.59,90.501,345.043,-89.652,38.009,349.713,-91.054,91.765,348.076,18.343,-25.654,2.953,0.995,0.028,0.097,-1.402,53.757,-1.636,1.628,173.326,1.577,176.753
1775399324.004,2026-04-05 19:58:44,17.817,0.488,-108.047,63.713,346.948,-90.351,64.23,348.949,-107.443,36.873,348.647,-108.652,90.552,345.25,-89.665,38.005,349.737,-91.072,91.762,348.123,18.383,-25.708,2.788,0.995,0.029,0.099,-1.407,53.757,-1.614,1.649,173.278,1.58,176.813
1775399324.541,2026-04-05 19:58:44,17.826,0.488,-108.069,63.733,347.037,-90.354,64.253,348.951,-107.461,36.895,348.754,-108.678,90.571,345.32,-89.675,38.014,349.777,-91.066,91.769,348.085,18.394,-25.719,2.74,0.995,0.029,0.1,-1.391,53.755,-1.692,1.666,173.197,1.565,176.78
1775399325.063,2026-04-05 19:58:45,17.836,0.488,-108.056,63.72,346.952,-90.342,64.242,348.969,-107.448,36.882,348.671,-108.664,90.558,345.232,-89.662,38.012,349.839,-91.056,91.764,348.056,18.394,-25.708,2.887,0.995,0.029,0.099,-1.393,53.752,-1.783,1.663,173.24,1.576,176.655
1775399325.579,2026-04-05 19:58:45,17.828,0.487,-108.027,63.696,346.821,-90.324,64.213,348.863,-107.428,36.86,348.581,-108.625,90.532,345.06,-89.635,38.027,349.583,-91.05,91.788,348.105,18.392,-25.669,2.763,0.995,0.029,0.097,-1.415,53.761,-1.478,1.643,173.289,1.585,176.781
1775399326.096,2026-04-05 19:58:46,17.824,0.487,-108.059,63.726,346.937,-90.358,64.237,348.965,-107.471,36.891,348.701,-108.647,90.562,345.173,-89.68,38.032,349.799,-91.071,91.787,348.087,18.379,-25.694,2.862,0.995,0.028,0.098,-1.391,53.755,-1.713,1.624,173.234,1.571,176.672
1775399326.602,2026-04-05 19:58:46,17.844,0.487,-108.075,63.713,346.962,-90.346,64.219,348.922,-107.494,36.878,348.739,-108.657,90.548,345.185,-89.679,38.037,349.686,-91.049,91.796,348.117,18.396,-25.676,2.724,0.995,0.028,0.098,-1.37,53.759,-1.569,1.613,173.225,1.535,176.896
1775399327.113,2026-04-05 19:58:47,17.855,0.488,-108.098,63.738,347.041,-90.354,64.251,348.954,-107.504,36.903,348.811,-108.692,90.573,345.271,-89.677,38.039,349.782,-91.065,91.794,348.084,18.421,-25.699,2.741,0.995,0.028,0.098,-1.388,53.755,-1.698,1.639,173.227,1.567,176.649
1775399327.63,2026-04-05 19:58:47,17.782,0.487,-107.977,63.675,346.722,-90.329,64.187,348.844,-107.388,36.837,348.455,-108.566,90.512,344.989,-89.657,37.992,349.733,-91.037,91.743,347.909,18.32,-25.682,3.011,0.995,0.028,0.098,-1.38,53.751,-1.823,1.622,173.252,1.558,176.766
1775399328.162,2026-04-05 19:58:48,17.782,0.486,-107.95,63.652,346.604,-90.326,64.166,348.914,-107.369,36.816,348.374,-108.53,90.487,344.835,-89.655,38.02,349.818,-91.035,91.77,347.958,18.295,-25.632,3.214,0.995,0.028,0.096,-1.38,53.75,-1.86,1.603,173.329,1.565,176.638
1775399328.668,2026-04-05 19:58:48,17.782,0.487,-107.972,63.669,346.638,-90.34,64.186,348.885,-107.379,36.832,348.383,-108.565,90.505,344.892,-89.656,38.015,349.712,-91.062,91.769,348.014,18.316,-25.654,3.074,0.995,0.028,0.096,-1.406,53.754,-1.698,1.624,173.355,1.582,176.747
1775399329.208,2026-04-05 19:58:49,17.802,0.488,-108.011,63.711,346.816,-90.322,64.224,348.752,-107.413,36.874,348.546,-108.609,90.549,345.086,-89.64,37.996,349.534,-91.037,91.754,347.931,18.371,-25.715,2.717,0.995,0.029,0.098,-1.397,53.758,-1.602,1.642,173.244,1.567,176.85
1775399329.729,2026-04-05 19:58:49,17.801,0.487,-107.995,63.689,346.807,-90.309,64.202,348.771,-107.396,36.849,348.509,-108.593,90.528,345.105,-89.627,38.005,349.593,-91.028,91.76,347.906,18.368,-25.684,2.786,0.995,0.029,0.1,-1.401,53.755,-1.687,1.642,173.216,1.58,176.688
1775399330.273,2026-04-05 19:58:50,17.78,0.487,-107.962,63.665,346.655,-90.307,64.181,348.701,-107.365,36.829,348.408,-108.559,90.501,344.902,-89.627,37.987,349.514,-91.023,91.743,347.846,18.335,-25.678,2.859,0.995,0.029,0.098,-1.396,53.756,-1.668,1.641,173.255,1.571,176.771
1775399330.807,2026-04-05 19:58:50,17.794,0.488,-107.988,63.688,346.76,-90.298,64.193,348.608,-107.4,36.852,348.512,-108.577,90.524,345.007,-89.602,37.982,349.34,-91.029,91.742,347.84,18.387,-25.706,2.58,0.995,0.028,0.098,-1.427,53.76,-1.5,1.626,173.227,1.601,176.731
1775399331.334,2026-04-05 19:58:51,17.802,0.488,-107.994,63.685,346.733,-90.316,64.201,348.76,-107.395,36.849,348.473,-108.593,90.522,344.992,-89.632,37.99,349.538,-91.035,91.748,347.941,18.362,-25.695,2.806,0.995,0.029,0.098,-1.403,53.758,-1.597,1.642,173.276,1.573,176.855
1775399331.86,2026-04-05 19:58:51,17.791,0.488,-108.003,63.717,346.831,-90.325,64.234,348.765,-107.399,36.88,348.561,-108.606,90.555,345.101,-89.646,38.01,349.555,-91.038,91.768,347.935,18.357,-25.707,2.724,0.995,0.029,0.099,-1.392,53.757,-1.62,1.657,173.196,1.562,176.846
1775399332.378,2026-04-05 19:58:52,17.774,0.487,-107.944,63.657,346.596,-90.31,64.171,348.759,-107.353,36.821,348.35,-108.535,90.493,344.841,-89.628,37.986,349.58,-91.028,91.741,347.895,18.316,-25.671,2.984,0.995,0.028,0.096,-1.4,53.755,-1.684,1.624,173.324,1.575,176.789
1775399332.9,2026-04-05 19:58:52,17.773,0.487,-107.978,63.688,346.681,-90.339,64.197,348.797,-107.389,36.85,348.41,-108.566,90.526,344.953,-89.657,38.019,349.572,-91.057,91.778,347.981,18.321,-25.668,2.89,0.995,0.028,0.097,-1.4,53.758,-1.591,1.616,173.331,1.572,176.802
1775399333.426,2026-04-05 19:58:53,17.812,0.487,-108.015,63.697,346.812,-90.323,64.203,348.81,-107.436,36.862,348.588,-108.594,90.532,345.036,-89.642,38.003,349.659,-91.038,91.756,347.917,18.373,-25.695,2.847,0.995,0.028,0.098,-1.396,53.754,-1.742,1.609,173.22,1.578,176.659
1775399333.946,2026-04-05 19:58:53,17.772,0.487,-107.962,63.684,346.682,-90.32,64.197,348.764,-107.37,36.848,348.44,-108.553,90.52,344.923,-89.634,38.001,349.558,-91.041,91.758,347.929,18.328,-25.683,2.876,0.995,0.028,0.098,-1.408,53.757,-1.629,1.631,173.248,1.583,176.755
1775399334.464,2026-04-05 19:58:54,17.785,0.488,-107.97,63.699,346.677,-90.319,64.216,348.798,-107.374,36.862,348.418,-108.566,90.536,344.936,-89.628,38.004,349.637,-91.046,91.758,347.916,18.343,-25.695,2.96,0.995,0.028,0.098,-1.418,53.754,-1.722,1.637,173.269,1.6,176.694
1775399334.992,2026-04-05 19:58:54,17.778,0.487,-107.947,63.669,346.617,-90.304,64.177,348.742,-107.36,36.831,348.353,-108.534,90.506,344.881,-89.625,38.015,349.489,-91.02,91.774,347.953,18.322,-25.654,2.872,0.995,0.028,0.097,-1.395,53.76,-1.536,1.612,173.329,1.566,176.782
1775399335.51,2026-04-05 19:58:55,17.791,0.487,-107.985,63.695,346.758,-90.321,64.215,348.812,-107.384,36.859,348.514,-108.587,90.531,345.002,-89.655,38.052,349.618,-91.023,91.809,347.962,18.33,-25.642,2.86,0.995,0.029,0.098,-1.368,53.757,-1.656,1.655,173.216,1.546,176.637
1775399336.032,2026-04-05 19:58:56,17.785,0.487,-107.963,63.685,346.64,-90.311,64.2,348.756,-107.367,36.847,348.374,-108.559,90.522,344.906,-89.635,38.008,349.567,-91.023,91.765,347.903,18.328,-25.676,2.927,0.995,0.028,0.097,-1.388,53.756,-1.665,1.633,173.307,1.562,176.799
1775399336.557,2026-04-05 19:58:56,17.81,0.487,-107.993,63.689,346.715,-90.315,64.202,348.814,-107.402,36.852,348.467,-108.583,90.525,344.962,-89.634,38.032,349.622,-91.032,91.788,347.962,18.359,-25.657,2.908,0.995,0.028,0.097,-1.398,53.756,-1.661,1.626,173.264,1.575,176.736
1775399337.069,2026-04-05 19:58:57,17.81,0.487,-107.999,63.712,346.714,-90.321,64.224,348.816,-107.409,36.874,348.446,-108.59,90.549,344.982,-89.638,38.023,349.631,-91.039,91.779,347.959,18.361,-25.688,2.917,0.995,0.028,0.097,-1.401,53.756,-1.672,1.62,173.324,1.577,176.76
1775399337.604,2026-04-05 19:58:57,17.784,0.487,-107.979,63.688,346.741,-90.33,64.197,348.871,-107.397,36.852,348.495,-108.561,90.525,344.987,-89.641,38.015,349.698,-91.056,91.769,347.999,18.338,-25.673,2.957,0.995,0.028,0.098,-1.414,53.754,-1.699,1.611,173.246,1.591,176.759
1775399338.124,2026-04-05 19:58:58,17.809,0.487,-107.999,63.679,346.673,-90.321,64.186,348.768,-107.416,36.842,348.426,-108.582,90.515,344.919,-89.635,38.025,349.55,-91.043,91.782,347.944,18.363,-25.654,2.877,0.995,0.028,0.096,-1.408,53.757,-1.606,1.604,173.348,1.584,176.716
1775399338.625,2026-04-05 19:58:58,17.784,0.488,-107.99,63.706,346.75,-90.326,64.22,348.75,-107.391,36.869,348.501,-108.588,90.542,344.999,-89.639,38.0,349.524,-91.047,91.758,347.937,18.35,-25.706,2.774,0.995,0.029,0.097,-1.407,53.758,-1.587,1.641,173.292,1.578,176.845
1775399339.128,2026-04-05 19:58:59,17.804,0.488,-108.026,63.722,346.817,-90.349,64.239,348.871,-107.429,36.886,348.57,-108.624,90.558,345.064,-89.662,38.028,349.662,-91.071,91.785,348.04,18.364,-25.694,2.846,0.995,0.029,0.098,-1.409,53.757,-1.622,1.644,173.242,1.583,176.794
1775399339.629,2026-04-05 19:58:59,17.811,0.488,-108.025,63.73,346.84,-90.329,64.242,348.784,-107.431,36.893,348.583,-108.62,90.567,345.097,-89.643,38.026,349.546,-91.049,91.785,347.984,18.382,-25.703,2.706,0.995,0.028,0.099,-1.406,53.759,-1.562,1.639,173.2,1.58,176.718
1775399340.161,2026-04-05 19:59:00,17.831,0.488,-108.056,63.74,346.915,-90.343,64.256,348.896,-107.458,36.904,348.666,-108.653,90.576,345.163,-89.668,38.047,349.687,-91.051,91.804,348.065,18.387,-25.693,2.773,0.995,0.029,0.099,-1.383,53.758,-1.623,1.647,173.199,1.551,176.899
1775399340.673,2026-04-05 19:59:00,17.823,0.487,-108.043,63.728,346.901,-90.349,64.246,348.971,-107.446,36.892,348.663,-108.641,90.563,345.139,-89.669,38.053,349.809,-91.065,91.807,348.088,18.375,-25.675,2.908,0.995,0.029,0.098,-1.397,53.754,-1.721,1.646,173.215,1.573,176.763
1775399341.195,2026-04-05 19:59:01,17.828,0.488,-108.049,63.738,346.908,-90.336,64.253,348.869,-107.449,36.901,348.645,-108.648,90.575,345.17,-89.65,38.033,349.634,-91.056,91.792,348.066,18.398,-25.705,2.726,0.995,0.029,0.098,-1.406,53.759,-1.568,1.646,173.246,1.578,176.783
1775399341.698,2026-04-05 19:59:01,17.812,0.487,-108.02,63.71,346.81,-90.353,64.233,349.017,-107.421,36.874,348.574,-108.619,90.545,345.046,-89.672,38.056,349.857,-91.071,91.81,348.132,18.348,-25.654,3.047,0.995,0.029,0.097,-1.399,53.754,-1.725,1.646,173.265,1.578,176.719
1775399342.201,2026-04-05 19:59:02,17.822,0.488,-108.031,63.752,346.854,-90.338,64.278,348.936,-107.419,36.915,348.595,-108.642,90.588,345.113,-89.643,38.057,349.707,-91.068,91.814,348.127,18.387,-25.695,2.853,0.995,0.029,0.098,-1.425,53.758,-1.58,1.671,173.261,1.604,176.64
1775399342.723,2026-04-05 19:59:02,17.8,0.488,-108.027,63.743,346.872,-90.365,64.264,349.023,-107.427,36.906,348.608,-108.626,90.58,345.135,-89.681,38.057,349.892,-91.083,91.809,348.109,18.345,-25.686,3.02,0.995,0.029,0.099,-1.402,53.752,-1.782,1.646,173.235,1.588,176.571
1775399343.226,2026-04-05 19:59:03,17.837,0.488,-108.076,63.756,347.063,-90.355,64.271,349.025,-107.482,36.92,348.811,-108.67,90.593,345.315,-89.676,38.053,349.858,-91.067,91.808,348.149,18.4,-25.703,2.795,0.994,0.029,0.101,-1.391,53.755,-1.71,1.645,173.108,1.565,176.806
1775399343.735,2026-04-05 19:59:03,17.81,0.487,-108.023,63.733,346.798,-90.35,64.253,348.943,-107.42,36.894,348.514,-108.626,90.571,345.083,-89.67,38.049,349.735,-91.065,91.806,348.111,18.353,-25.684,2.936,0.995,0.029,0.097,-1.395,53.757,-1.623,1.644,173.337,1.569,176.749
1775399344.255,2026-04-05 19:59:04,17.794,0.486,-107.977,63.677,346.655,-90.354,64.192,349.051,-107.4,36.842,348.441,-108.555,90.511,344.868,-89.678,38.064,349.923,-91.068,91.816,348.13,18.299,-25.613,3.268,0.995,0.028,0.095,-1.389,53.752,-1.793,1.596,173.342,1.571,176.667
1775399344.76,2026-04-05 19:59:04,17.837,0.487,-108.074,63.745,347.008,-90.348,64.254,348.93,-107.487,36.91,348.774,-108.661,90.58,345.241,-89.672,38.065,349.746,-91.059,91.821,348.07,18.402,-25.68,2.739,0.995,0.028,0.099,-1.387,53.756,-1.676,1.628,173.184,1.565,176.69
1775399345.303,2026-04-05 19:59:05,17.781,0.486,-107.986,63.709,346.751,-90.356,64.223,348.998,-107.399,36.873,348.499,-108.574,90.546,345.004,-89.68,38.073,349.796,-91.069,91.83,348.155,18.307,-25.637,3.045,0.995,0.028,0.097,-1.389,53.757,-1.641,1.617,173.304,1.565,176.714
1775399345.824,2026-04-05 19:59:05,17.81,0.487,-108.024,63.709,346.847,-90.343,64.227,348.923,-107.43,36.875,348.639,-108.617,90.543,345.056,-89.645,38.045,349.703,-91.078,91.802,348.102,18.378,-25.664,2.856,0.995,0.029,0.098,-1.433,53.757,-1.601,1.644,173.192,1.609,176.73
1775399346.327,2026-04-05 19:59:06,17.816,0.487,-108.022,63.731,346.842,-90.34,64.242,348.966,-107.437,36.894,348.588,-108.607,90.568,345.096,-89.668,38.052,349.816,-91.048,91.806,348.072,18.354,-25.679,2.974,0.995,0.028,0.097,-1.38,53.754,-1.744,1.613,173.278,1.557,176.753
1775399346.862,2026-04-05 19:59:06,17.815,0.488,-108.033,63.736,346.866,-90.355,64.258,349.013,-107.432,36.898,348.602,-108.634,90.573,345.13,-89.68,38.051,349.866,-91.065,91.805,348.116,18.353,-25.684,3.0,0.995,0.029,0.098,-1.385,53.754,-1.75,1.649,173.253,1.564,176.699
1775399347.391,2026-04-05 19:59:07,17.804,0.487,-108.018,63.71,346.824,-90.358,64.228,349.023,-107.426,36.874,348.578,-108.609,90.546,345.07,-89.685,38.048,349.884,-91.066,91.801,348.117,18.333,-25.662,3.059,0.995,0.028,0.098,-1.381,53.753,-1.767,1.63,173.257,1.556,176.795
1775399347.929,2026-04-05 19:59:07,17.792,0.487,-108.006,63.712,346.769,-90.36,64.233,348.983,-107.408,36.876,348.518,-108.604,90.548,345.019,-89.681,38.038,349.806,-91.075,91.794,348.117,18.325,-25.674,3.037,0.995,0.028,0.097,-1.394,53.755,-1.689,1.641,173.301,1.569,176.802
1775399348.451,2026-04-05 19:59:08,17.836,0.488,-108.053,63.751,346.911,-90.334,64.265,348.881,-107.452,36.912,348.62,-108.654,90.59,345.202,-89.646,38.04,349.659,-91.055,91.798,348.063,18.407,-25.71,2.748,0.995,0.029,0.098,-1.409,53.758,-1.597,1.642,173.284,1.585,176.704
1775399348.962,2026-04-05 19:59:08,17.81,0.488,-108.023,63.738,346.847,-90.335,64.255,348.865,-107.424,36.901,348.592,-108.622,90.575,345.101,-89.651,38.04,349.645,-91.053,91.797,348.046,18.372,-25.698,2.798,0.995,0.029,0.098,-1.402,53.758,-1.599,1.647,173.242,1.577,176.729
1775399349.49,2026-04-05 19:59:09,17.834,0.488,-108.069,63.753,347.006,-90.353,64.271,348.981,-107.47,36.917,348.756,-108.668,90.589,345.256,-89.676,38.047,349.831,-91.063,91.8,348.089,18.393,-25.706,2.825,0.995,0.029,0.099,-1.387,53.754,-1.742,1.652,173.178,1.566,176.711
1775399350.021,2026-04-05 19:59:10,17.823,0.487,-108.041,63.718,346.931,-90.338,64.232,348.929,-107.448,36.882,348.692,-108.635,90.553,345.169,-89.655,38.047,349.699,-91.057,91.805,348.118,18.386,-25.671,2.768,0.995,0.029,0.1,-1.402,53.758,-1.581,1.643,173.147,1.575,176.741
1775399350.526,2026-04-05 19:59:10,17.771,0.486,-107.953,63.69,346.642,-90.345,64.215,348.984,-107.353,36.853,348.379,-108.553,90.527,344.906,-89.68,38.065,349.825,-91.047,91.82,348.096,18.273,-25.625,3.182,0.995,0.029,0.097,-1.367,53.755,-1.729,1.642,173.31,1.541,176.772
1775399351.053,2026-04-05 19:59:11,17.791,0.487,-107.986,63.683,346.721,-90.324,64.192,348.806,-107.401,36.848,348.495,-108.57,90.518,344.946,-89.637,38.026,349.546,-91.049,91.785,348.026,18.348,-25.658,2.825,0.995,0.028,0.098,-1.412,53.76,-1.519,1.618,173.237,1.581,176.834
1775399351.584,2026-04-05 19:59:11,17.776,0.488,-107.97,63.703,346.723,-90.328,64.22,348.836,-107.372,36.865,348.461,-108.569,90.54,344.984,-89.644,38.01,349.669,-91.046,91.764,347.96,18.326,-25.693,2.946,0.995,0.029,0.098,-1.402,53.754,-1.709,1.642,173.264,1.579,176.754
1775399352.09,2026-04-05 19:59:12,17.803,0.488,-107.999,63.722,346.727,-90.321,64.242,348.768,-107.395,36.885,348.467,-108.603,90.559,344.987,-89.629,38.012,349.536,-91.047,91.77,347.961,18.37,-25.71,2.809,0.995,0.029,0.098,-1.418,53.758,-1.574,1.654,173.279,1.589,176.836
1775399352.593,2026-04-05 19:59:12,17.791,0.487,-107.988,63.694,346.725,-90.325,64.208,348.789,-107.394,36.858,348.481,-108.582,90.53,344.969,-89.628,38.017,349.54,-91.058,91.776,347.999,18.36,-25.677,2.815,0.995,0.028,0.097,-1.43,53.759,-1.541,1.634,173.277,1.602,176.797
1775399353.117,2026-04-05 19:59:13,17.788,0.487,-107.974,63.693,346.677,-90.317,64.207,348.774,-107.381,36.857,348.43,-108.566,90.529,344.924,-89.644,38.018,349.57,-91.026,91.775,347.935,18.33,-25.675,2.893,0.995,0.028,0.098,-1.382,53.757,-1.635,1.631,173.262,1.553,176.847
1775399353.652,2026-04-05 19:59:13,17.807,0.487,-107.992,63.712,346.736,-90.317,64.232,348.832,-107.391,36.876,348.494,-108.593,90.547,344.977,-89.636,38.029,349.637,-91.033,91.785,347.985,18.356,-25.683,2.901,0.995,0.029,0.097,-1.396,53.756,-1.652,1.65,173.262,1.571,176.762
